"id","txt","created_utc","corpus","match_first","TARGET","CCONJ","comma","match","ADJ","TARGET_mod","ADV","first"
"hqquw8n","absolutely it's incredibly wasteful. she has a massive issue with this, and it's so ignorant and selfish, esp since she pretends to be so woke with other moms and their babies. 

also with the hairdryer thing yesterday too, her saying she would buy one for thousands of dollars just to use it once for a video. like are you kidding me?",1640995128,"absolutely it's incredibly wasteful. she has a massive issue with this, and it's so ignorant and selfish, esp since she pretends to be so woke with other moms and their babies.   also with the hairdryer thing yesterday too, her saying she would buy one for thousands of dollars just to use it once for a video. like are you kidding me?","ignorant and selfish","ignorant","and",FALSE,"so ignorant and selfish","selfish","so",NA,1
"hqquo41","So you‚Äôre blaming Gary Player as being responsible/a main player of the Apartheid system?

Yes he was an influential and his book was wrong about supporting Apartheid. He was ignorant and racist because he drank the cool aid. He changed his views. He‚Äôs no longer ignorant, and I hope he no longer holds racist views.",1640995023,"he was ignorant and racist because he drank the cool aid.","ignorant and racist","ignorant","and",FALSE,"ignorant and racist","racist",NA,NA,1
"hqqtzmu","Mahomes was literally calling teammates out after the Super Bowl last season.  His receivers ‚Äúweren‚Äôt running the routes I thought they were‚Äù and his OL was letting people through.  Which was all true, but Baker never would‚Äôve mentioned this.  To act all QBs abide by this rule is simply ignorant and untrue.",1640994711,"to act all qbs abide by this rule is simply ignorant and untrue.","ignorant and untrue","ignorant","and",FALSE,"simply ignorant and untrue","untrue","simply",NA,1
"hqqqssz","Really consider what‚Äôs being said,

I‚Äôm saying by known science and math, for someone to accept abiogenesis, that is faith based. Not only is it faith based, it contradicts reality. 

Remember this is a convo against atheism. And the reason I don‚Äôt like atheists is Bc they‚Äôre often ignorant and complacent with their ignorance.

I genuinely can‚Äôt make you comprehend how ridiculously impossible all observation show the event of abiogenesis to be, but just understand it is faith.

And faith in God is immensely more reasonable when you start to consider other events like ‚Äúorigin of universe‚Äù and the historical evidence on Jesus and his disciples.",1640993277,"and the reason i don‚Äôt like atheists is bc they‚Äôre often ignorant and complacent with their ignorance.","ignorant and complacent","ignorant","and",FALSE,"often ignorant and complacent","complacent","often",NA,1
"hqqq8u9","I follow this regional covid news channel on telegram that keeps calling it the ‚Äúquacksine,‚Äù it‚Äôs so annoying. 

It‚Äôs like STFU, shit like that is the reason people think we‚Äôre ignorant and uneducated. You can easily debunk the vaccine narrative without having to resorting to petulant bs like that. Grow up",1640993028,"it‚Äôs like stfu, shit like that is the reason people think we‚Äôre ignorant and uneducated.","ignorant and uneducated","ignorant","and",FALSE,"ignorant and uneducated","uneducated",NA,NA,1
"hqqq7ih","The following quote is literally what I was gonna say. Look up Mayan, Incan, etc., beliefs on offering up hearts to gods. Look at how the Han view anyone not Han. Look at the Yamato of Japan. Look at the Brahmin caste. Literally, most cultures wouldnt care if other cultures died. Many don't care if anyone outside their family dies. -normal- people. Not sociopaths. Not neuro-divergents. CIS, hetero, ""normal as possible"" people from every culture in the world. 

 He says he would regret a few. But he mostly has run into assholes and thinks humans are still mostly ignorant and cruel brutes who would destroy the galaxy. There are good people, but he isn't wrong? We have a LOT of bad, too. 

 ""The princess nodded again and George smiled, ‚ÄúGood! So the long and short of it is that our civilization has advanced enough that a lot of us don‚Äôt need that pack bonding bit to survive, but we‚Äôre still forced to compete for a lot of things we want even if not things to survive. We still have the instinct though, and thus there are very few things a member of my species will hate more than another member of my species.‚Äù

The princess looked thoughtful even though she was still clearly extremely wary of him, ‚ÄúSo, you were willing to wipe out your planet, your entire species, because you view them as competition?‚Äù

George shrugged, ‚ÄúIt‚Äôs more complicated than that, but that‚Äôs the short biological version. Basically, I figured I had about as much chance of that gamble paying off as I do of liking another human until I get to know them, so decent odds. If I won, great. If I accidentally wiped out everybody I know,‚Äù he poked the side of his head, ‚Äúmy brain‚Äôs screwed up enough even by human standards that I‚Äôd only be upset about a handful of them, and that would be severely mitigated by the fact that I‚Äôd taken out everybody I hold in complete and utter contempt, which is a much higher number.‚Äù""",1640993012,"but he mostly has run into assholes and thinks humans are still mostly ignorant and cruel brutes who would destroy the galaxy.","ignorant and cruel","ignorant","and",FALSE,"mostly ignorant and cruel","cruel","mostly",NA,1
"hqqpeyy","Just shut it. Your prejudices are ignorant and disgusting.",1640992650,"your prejudices are ignorant and disgusting.","ignorant and disgusting","ignorant","and",FALSE,"ignorant and disgusting","disgusting",NA,NA,1
"hqqofi4","Human shaped pitbull? That makes no sense. Is this implying pitbulls are more aggressive than other dogs? Simply not true, very ignorant, and ultimately sad.",1640992194,"simply not true, very ignorant, and ultimately sad.","ignorant, and ultimately","ignorant","and",TRUE,"very ignorant , and ultimately sad","sad","very","ultimately",1
"hqqo4yg","And yet here you go talking about Trump and Warren like either of them are relevant. 

Stay ignorant and spiteful, Wenzhong",1640992052,"stay ignorant and spiteful, wenzhong","ignorant and spiteful","ignorant","and",FALSE,"ignorant and spiteful","spiteful",NA,NA,1
"hqqm00k","It's as clear as the nose on your face when not wearing a mask.  LOL.  But, seriously........so stupid and ignorant and ridiculous.",1640991047,"but, seriously........so stupid and ignorant and ridiculous.","stupid and ignorant","ignorant","and",FALSE,"so stupid and ignorant","stupid",NA,"so",0
"hqqlu2t","Well A. Obviously this was a troll post. B. Not every American is like this. It's only a very small minority that are that stupid. In fact it's pretty ignorant and narrow minded to even think the way that you do.",1640990973,"in fact it's pretty ignorant and narrow minded to even think the way that you do.","ignorant and narrow","ignorant","and",FALSE,"pretty ignorant and narrow","narrow","pretty",NA,1
"hqqlg49","I had a friend that sang at my wedding.  She spent the pandemic getting radicalized online and is now a raging q. She's anti vaccine and anti mask. She has just started cancer treatments.  I fear for her life, but no one can tell her anything.  She is ignorant and brainwashed.",1640990795,"she is ignorant and brainwashed.","ignorant and brainwashed","ignorant","and",FALSE,"ignorant and brainwashed","brainwashed",NA,NA,1
"hqqkmzh","Have video games as a whole improved? Sure. That does not mean that there‚Äôs no place for games from the 80s on a list of the best games of all time. If /r/games had its way this list would be comprised entirely of games made in the last ten years and it would suck. The idea that more recent games are inherently better is ignorant and dismissive. Again, if ‚Äúold‚Äù games were inherently worse, the style of those games wouldn‚Äôt be as popular as it is for modern games. This is an insurmountably stupid take.",1640990422,"the idea that more recent games are inherently better is ignorant and dismissive.","ignorant and dismissive","ignorant","and",FALSE,"ignorant and dismissive","dismissive",NA,NA,1
"hqqjk90","You have the freedom to think what you want about me. I do not care about your opinions, which are subjective. So you have nothing objective here.  With all that you show signs that you are ignorant and arrogant and nothing more.",1640989943,"with all that you show signs that you are ignorant and arrogant and nothing more.","ignorant and arrogant","ignorant","and",FALSE,"ignorant and arrogant","arrogant",NA,NA,1
"hqqj7z6","What a waste of cancer treatment resources that could have gone to a better individual instead. It must be hard being a doctor; knowing you could save someone‚Äôs life who is so ignorant and dangerous",1640989793,"it must be hard being a doctor; knowing you could save someone‚Äôs life who is so ignorant and dangerous","ignorant and dangerous","ignorant","and",FALSE,"so ignorant and dangerous","dangerous","so",NA,1
"hqqibvu","As a westerner, you have no right to judge other people's beliefs. The story of Yakub and how he created the evil white race may sound preposterous to bigots on first glance, but we can assure you that there is countless evidence backing up this hypothesis. Attempting to dismiss someone's beliefs as ""fake"" without doing proper research and study just shows how ignorant and hateful you are. And no, looking through your racist aunt's Facebook page does not count as doing your own research.

*I am a bot, and this action was performed automatically. Please [contact the moderators of this subreddit](/message/compose/?to=/r/AntiHateCommunities) if you have any questions or concerns.*",1640989392,"attempting to dismiss someone's beliefs as ""fake"" without doing proper research and study just shows how ignorant and hateful you are.","ignorant and hateful","ignorant","and",FALSE,"how ignorant and hateful","hateful","how",NA,1
"hqqhe53","Tell me where it was that I said that it was justified. 

110 years for just about everything committable by the average person is absurd and ridiculous. I'm just saying that he absolutely is not just some innocent truck driver whose brakes failed. He's an incredibly ignorant and dangerously incompetent driver whose decisions and/or instincts led him to making every wrong decision and multiple died as a result. 

As for any malicious intent, it's not my place to assume existence.",1640988979,"he's an incredibly ignorant and dangerously incompetent driver whose decisions and/or instincts led him to making every wrong decision and multiple died as a result.","ignorant and dangerously","ignorant","and",FALSE,"incredibly ignorant and dangerously incompetent","incompetent","incredibly","dangerously",1
"hqqejma","Exactly!! I‚Äôd be shocked if they didn‚Äôt have a college savings? With their wealth? If not, makes her look even more ignorant and irresponsible",1640987715,"if not, makes her look even more ignorant and irresponsible","ignorant and irresponsible","ignorant","and",FALSE,"more ignorant and irresponsible","irresponsible","more",NA,1
"hqqd6nk","Do you really think I don't know? Did I say anywhere gays don't receive discrimination? It, unfortunately, happens at a good portion of the world and I hate it. But it's not illegal to be gay in Turkey and many, many gay people live openly in the country. You're still being ignorant and dismissive of this community when you blindly comment about LGBTQ+ people in Muslim countries, generalizing without knowing anything.",1640987114,"you're still being ignorant and dismissive of this community when you blindly comment about lgbtq+ people in muslim countries, generalizing without knowing anything.","ignorant and dismissive","ignorant","and",FALSE,"ignorant and dismissive","dismissive",NA,NA,1
"hqqbk4v","Are you sure it wouldn't be better reserved for the heavily blue States that lead the nation in homelessness bc their policies are ignorant and barely sustainable like Cali, new York, Hawaii,  etc.? I would say states where homeless people run amuck shitting in the streets like a 3rd world country is probably closer.",1640986403,"are you sure it wouldn't be better reserved for the heavily blue states that lead the nation in homelessness bc their policies are ignorant and barely sustainable like cali, new york, hawaii,  etc.?","ignorant and barely","ignorant","and",FALSE,"ignorant and barely sustainable","sustainable",NA,"barely",1
"hqqbgby","Let's concede that everything you said is true. It still only has a fraction of an effect on the economy and lives for the middle and lower classes that the large scale buying and leasing/renting of homes/properties that drives prices and COL exponentially higher. Why choose to focus on that *AT ALL* when the latter exists?? 

What is it about immigrants risking their lives to come here and do jobs you would never do that personally offends you or makes your life worse? These huge companies exploiting us love people like you because you're the perfect blend of ignorant and confident in your ignorance that makes you useful to their interests at everyone else's expense.",1640986357,"these huge companies exploiting us love people like you because you're the perfect blend of ignorant and confident in your ignorance that makes you useful to their interests at everyone else's expense.","ignorant and confident","ignorant","and",FALSE,"ignorant and confident","confident",NA,NA,1
"hqqbc7a","You're not intellectually disabled, you're willfully ignorant and intellectually lazy.",1640986307,"you're not intellectually disabled, you're willfully ignorant and intellectually lazy.","ignorant and intellectually","ignorant","and",FALSE,"willfully ignorant and intellectually lazy","lazy","willfully","intellectually",1
"hqq6zv3","That's exactly it, in a nutshell. They're ignorant and proud of it! 

And it's SO alien from the way I was brought up as well as how I brought my children up. I keep trying to understand it, but I cannot.",1640984420,"they're ignorant and proud of it!","ignorant and proud","ignorant","and",FALSE,"ignorant and proud","proud",NA,NA,1
"hqq6m6d","Got look at conservative subs and ask the Donald and the like. They literally believe its a gotcha moment and its absolutely pathetic. They're so ignorant and petulant it'd be funny if it weren't so god damned sad.",1640984258,"they're so ignorant and petulant it'd be funny if it weren't so god damned sad.","ignorant and petulant","ignorant","and",FALSE,"so ignorant and petulant","petulant","so",NA,1
"hqq5xn6","Because they are ignorant and stupid, then decided to be a judge",1640983967,"because they are ignorant and stupid, then decided to be a judge","ignorant and stupid","ignorant","and",FALSE,"ignorant and stupid","stupid",NA,NA,1
"hqq5c3s","My husband just went to the local kwik-e-mart and saw a guy he knows.  He was wearing a mask and dragging a bottle of O2 around.  The fucking guy has covid and is out and about in small convenience stores, unvaccinated, of course.  I'm so tired of these ignorant and selfish assholes.",1640983719,"i'm so tired of these ignorant and selfish assholes.","ignorant and selfish","ignorant","and",FALSE,"ignorant and selfish","selfish",NA,NA,1
"hqq4isf","Gotta agree with Cygni on this one. Now don't get me wrong it makes sense Atlus would say that anyone can enjoy Strikers because it'd be ignorant and stupid of them not to. However given how this franchise tends to treat the most updated version of Golden and the fact Royal is the game they have marketed in both merchandise releases as well as crossover material with SAO and Another Eden there's not really a doubt in my mind that Atlus considers Persona 5 Royal the ""main"" entry.

Even Smash Bros Ultimate made a point of using Joker's grappling hook which of course is exclusive to P5 Royal. IMO the statements regarding how Strikers was written was due to the timing of it's development, not the circumstances of it's release. Although I will admit Vanilla's ending is way more fitting for how Strikers picks things up.",1640983370,"now don't get me wrong it makes sense atlus would say that anyone can enjoy strikers because it'd be ignorant and stupid of them not to.","ignorant and stupid","ignorant","and",FALSE,"ignorant and stupid","stupid",NA,NA,1
"hqq4ia7","People are dumb, ignorant and damn right mean. I don‚Äôt like people. 

Hell today I watched 3 people grind to a halt and start arguing and they all went to leave a junction and then blocked the main road. I‚Äôm just sat there like ‚Ä¶ nah humans don‚Äôt deserve it. It‚Äôs the animals I feel sorry for.",1640983364,"people are dumb, ignorant and damn right mean.","ignorant and damn","ignorant","and",FALSE,"ignorant and damn","damn",NA,NA,1
"hqq40he","&gt; just because they said something ignorant and stupid?

Because judges should be held to a much higher standard. She has impacted the lives of countless people and hopefully they get a chance to receive actual justice but inevitably the damage will not be wholly rectifiable. 

Added to that, wishing something doesn't make it so. Get your panties out of a bunch.",1640983152,"&gt; just because they said something ignorant and stupid?","ignorant and stupid","ignorant","and",FALSE,"ignorant and stupid","stupid",NA,NA,1
"hqq3o6g","üôåüôåüôå

It seems that only post op (or actively pursuing) people even seem to get it right when talking about our bodies. It‚Äôs especially disheartening to see other trans people speaking about our bodies in such ignorant and harmful ways.",1640983006,"it‚Äôs especially disheartening to see other trans people speaking about our bodies in such ignorant and harmful ways.","ignorant and harmful","ignorant","and",FALSE,"ignorant and harmful","harmful",NA,NA,1
"hqq39t7","It‚Äôs small-minded, ignorant, and void of real human understanding and empathy. Destroying real alive human adult lives, without even the thought of exception for children and rape survivors. All I under the guise of ‚Äúsaving lives‚Äù. It‚Äôs vile. Women deserve the right to choose.",1640982832,"it‚Äôs small-minded, ignorant, and void of real human understanding and empathy.","ignorant, and void","ignorant","and",TRUE,"ignorant , and void","void",NA,NA,1
"hqq1ycn","Politics...
I have a degree in politics...

I loved it. 
But the more I learn &amp; hear about other peoples political thoughts and whatnots, the more I realise the world is fuuuuuucked. 

And now I wish I could take back 4 years of university and unknow all the things I know and go back to being ignorant and unknowing and just think things are good.",1640982262,"and now i wish i could take back 4 years of university and unknow all the things i know and go back to being ignorant and unknowing and just think things are good.","ignorant and unknowing","ignorant","and",FALSE,"ignorant and unknowing","unknowing",NA,NA,1
"hqpz63t","Exactly. If you think vaccination will protect you go vaccinate yourself, but don't blame it on those who don't want to do it. Vaccinated people get infected, get sick, and transmit the virus. So vaccines are obviously very low effective, in terms that maybe only provide some sort of protection to the older most sensitive generation who has the most compromised immune systems. 

Flu types of viruses constantly mutate, which is why for a long time now, flu vaccines are not recommended to young healthy adults by the NHS in the UK, because they're almost never effective. RNA viruses, like Corona, standard flu and measles, are more prone to changes and mutations compared to DNA viruses, such as herpes, smallpox, and human papillomavirus (HPV). Covid-19 will almost certainly mutate to Covid-XY which would be totally resilient to the vaccines used right now, if that's not the case already. That's why flu vaccines are only seasonally recommended to older people with health issues - the same generation that is dying to Corona and to seasonal flues. Young healthy people without underlying diseases mostly have immune systems strong enough to fight viruses like these, and it's exactly what is happening with Coronavirus where we have 85% of people almost completely asymptomatic or with mild symptoms. The virus is so contagious that I think most of us have it without even realizing it. So convincingly the best way to turn this pandemic into endemic, is that everyone starts living a normal life and we expose ourselves to the virus so that we build stronger collective immunity. That is exactly the thing that will weaken the virus and make it be even less dangerous. The most vulnerable groups of people are free to vaccinate themselves, wear masks, and be more cautious in general, but this situation where even the young healthy people are obligated to vaccinate themselves in order to live a normal life, is just showing in what terrible state human ""hive mind"" is at the moment. People are generally ignorant and scared, hence the manipulation through corona can be continued. This sub is the perfect example of it. We aLl mUsT bE VacCiNateD iN oRdEr t0 bEaT tHiS teRRiBLe diSeAsE. ThAt iS tHe OnLy wAy.",1640981082,"people are generally ignorant and scared, hence the manipulation through corona can be continued.","ignorant and scared","ignorant","and",FALSE,"generally ignorant and scared","scared","generally",NA,1
"hqpz1to","In my opinion they should be seen as less than human! They may not think they‚Äôre bad people and they may think they‚Äôre doing the right thing‚Ä¶but so did nazis. Hundreds of millions of people have died from covid, my friends, my family, have died from covid even though they were vaccinated. All because some delivery person or some random they passed in a store are too caught up in propaganda to help save lives. People are dying all around us and all over the world. And there are still people unwilling to get a vaccine. Something people have done to get past every major disease in human history. At this point it‚Äôs beyond ignorant and selfish not to get vaccinated. It‚Äôs downright evil because these people WILL spread the disease. They WONT care who it effects or how it effects them. They‚Äôre just trying to prove a point or are over trying to be part of the solution and care more about ‚Äúliving their lives‚Äù. Obviously it sucks for the people not fully capable of making the choice to get vaxxed. But the ones that can and choose not to are disgusting selfish people imo. They can burn in hell for helping to kill people in my family and friend group, as well as others family n friend groups from around the world. Thank you",1640981034,"at this point it‚Äôs beyond ignorant and selfish not to get vaccinated.","ignorant and selfish","ignorant","and",FALSE,"ignorant and selfish","selfish",NA,NA,1
"hqpz1j4","The Americans SJWs are already monumentally ignorant and braindead, foreigners who think the same are somehow even stupider.

On a similar note, I remember someone thinking Finland got all its wealth from slavery - the country that only stopped being an imperial possession in 1918 after centuries of cultural, lingustic, and religious suppression.",1640981031,"the americans sjws are already monumentally ignorant and braindead, foreigners who think the same are somehow even stupider.","ignorant and braindead","ignorant","and",FALSE,"monumentally ignorant and braindead","braindead","monumentally",NA,1
"hqpytbg","Bad neighbours are the most frustrating thing! If you're at a movie theatre, restaurant, store or even at work, if people are being ignorant and indifferent or hostile, you know you can leave at some point. But home is where you go to get away from all that. It's your *sanctuary*. Or supposed to be your sanctuary. 

My self absorbed, full of himself, lawn-braggy neighbour has dumped tons of water on my narrow pathway near the foundation of my house not infrequently, once just before a night freeze that turned it into a ice path. Oops! It was an accident! Won't happen again! I promise. He makes me feel on edge and defensive and protective of my house. Some part of me feels like some part of him secretly enjoys this. I really lost my shit with him once which feels crappy because I feel like I'm a generally reasonable person.",1640980934,"if you're at a movie theatre, restaurant, store or even at work, if people are being ignorant and indifferent or hostile, you know you can leave at some point.","ignorant and indifferent","ignorant","and",FALSE,"ignorant and indifferent","indifferent",NA,NA,1
"hqpyqw9","I don‚Äôt get this! It happens to me all the time too. Even if I‚Äôm dressed NOTHING like the store uniform. 

It happened to me once in ikea and I was wearing my winter coat!! We all know how bright yellow those shirts are. And then the woman actually had the audacity to ask me what I was doing there if I didn‚Äôt work there. Like wtf?? 

Surprisingly I didn‚Äôt say anything. I didn‚Äôt even think she was worth my time or energy, I found her so ignorant and stupid. She was with a middle eastern guy though and I just looked at him like, really, this is who you‚Äôre building your life with??",1640980905,"i didn‚Äôt even think she was worth my time or energy, i found her so ignorant and stupid.","ignorant and stupid","ignorant","and",FALSE,"so ignorant and stupid","stupid","so",NA,1
"hqpxu5f","Why would you wish that on someone just because they said something ignorant and stupid?",1640980527,"why would you wish that on someone just because they said something ignorant and stupid?","ignorant and stupid","ignorant","and",FALSE,"ignorant and stupid","stupid",NA,NA,1
"hqpvmja","&gt;anti-vax facts

Kinda contradictory, right?  


Facts wouldn't be, ""anti"" but just state pros/cons.  


""Anti-vax"" is simply an insult pushed by pharmaceutical companies onto medically ignorant and socially awkward people online to keep profits up.",1640979619,"""anti-vax"" is simply an insult pushed by pharmaceutical companies onto medically ignorant and socially awkward people online to keep profits up.","ignorant and socially","ignorant","and",FALSE,"medically ignorant and socially awkward","awkward","medically","socially",1
"hqpuszi","This therapist is profoundly stupid and unqualified for their job. I'm very very sorry you have to work with someone so heart breakingly ignorant and prejudiced.",1640979282,"i'm very very sorry you have to work with someone so heart breakingly ignorant and prejudiced.","ignorant and prejudiced","ignorant","and",FALSE,"breakingly ignorant and prejudiced","prejudiced","breakingly",NA,1
"hqpps0l","I think most people are just weak as fuck. As harsh as it sounds, most people in the US are so ignorant and lazy and indoctrinated that they‚Äôre waiting for SOMEONE to save them, SOMETHING to cure them, SOMEONE else to fix their problems. If you take care of yourself and respect the health of people around you, things would be just fine. How the fuck did humanity exist for thousands of years without all of this bullshit? They just used common sense and did what was needed to fix your own problems. Free your mind, fix yourself and thats all you can do.",1640977203,"as harsh as it sounds, most people in the us are so ignorant and lazy and indoctrinated that they‚Äôre waiting for someone to save them, something to cure them, someone else to fix their problems.","ignorant and lazy","ignorant","and",FALSE,"so ignorant and lazy","lazy","so",NA,1
"hqpps08","Saying that vaccines are contraindicated for autoimmune disorders is wrong, ignorant and dangerous.",1640977203,"saying that vaccines are contraindicated for autoimmune disorders is wrong, ignorant and dangerous.","ignorant and dangerous","ignorant","and",FALSE,"ignorant and dangerous","dangerous",NA,NA,1
"hqppq0m","Lol what? This post has nothing to do with doctors and nurses - it‚Äôs paramedics and FF workers. 

Also, explain why you consider ‚Äúdoctors and nurses‚Äù (I‚Äôm assuming that you mean healthcare workers as a whole) leeches. How much money do you think these people take home? 

It‚Äôs not the providers you should be angry with, it‚Äôs the healthcare system. The providers chose their careers based on what they wanted to do - help people. I‚Äôm a 911 EMT, you think I wanted to do this job for the benefits? Please. I want to help people and make them feel better. Unfortunately my attitude gets taken advantage of and my employer uses my compassion as a tool to overwork me.

Honestly, you seem quite ignorant and divisive for no reason.",1640977180,"honestly, you seem quite ignorant and divisive for no reason.","ignorant and divisive","ignorant","and",FALSE,"quite ignorant and divisive","divisive","quite",NA,1
"hqppi6i","A black kid walked into a school a couple months ago, shot up a bunch of people, and walked out of jail the next day I believe. So knock that shit off. Every single situation has completely different circumstances. Maybe 80 years ago you were spot on, but to pretend that nothings changed since is just ignorant. And dumb. And factually incorrect. To broadly say black people get more time than white people and that‚Äôs that is ignorant and dangerous. Having a prior record or not is maybe the single most important thing to what kind of time you get. Ray Lewis murdered someone and walked. Michael Jackson raped kids and walked. Oj Simpson killed 2 people and walked. We need to keep going?",1640977090,"to broadly say black people get more time than white people and that‚Äôs that is ignorant and dangerous.","ignorant and dangerous","ignorant","and",FALSE,"ignorant and dangerous","dangerous",NA,NA,1
"hqpp8p2","&gt;Fine, let's use double plus ungood, but, since it's easier to say wrong, so I'll stick with that.

Just saving this for the syntactical fucktangle you vomited into the conversation. 

&gt;I say work towards a solution. You say that I'm misguided, ignorant and simplistic, then go on to accuse me of being a libertarian.

You don't have to self-identify as a libertarian to mindlessly parrot their talking points and ideology. The whole idea of ""well if *you* have a problem then *you* should deal with it"" only works for small, easy problems without a bunch of stakeholders. The rest of us are dealing with problems on the scale of out planet or society, so we need to solve them collectively. Opting out just makes you a selfish cunt, better known as a libertarian. 

""Wages are low because people take shitty jobs"" is a deeply stupid thing to say, but the fact that you said it implies that the path to explain to you why it's wrong starts so far back that you're not worth the time to educate. Mocking you, however, is much more rewarding.",1640976981,"you say that i'm misguided, ignorant and simplistic, then go on to accuse me of being a libertarian.","ignorant and simplistic","ignorant","and",FALSE,"ignorant and simplistic","simplistic",NA,NA,1
"hqpol1o","Haha I saw a music sun with the same question and the same answer being the most common. Not very controversial and also not correct or a very hot take either. It‚Äôs pretty funny that they think they‚Äôre being edgy. 

I‚Äôm biased bc I grew up with the Beatles and have heard their entire catalogue and it‚Äôs literally a part of my family‚Äôs history‚Ä¶so seeing people judge them by their singles just makes them look ignorant and lazy. But even objectively, you wrong.",1640976714,"i‚Äôm biased bc i grew up with the beatles and have heard their entire catalogue and it‚Äôs literally a part of my family‚Äôs history‚Ä¶so seeing people judge them by their singles just makes them look ignorant and lazy.","ignorant and lazy","ignorant","and",FALSE,"ignorant and lazy","lazy",NA,NA,1
"hqpo9bw","If a cancer patient was refusing treatment and that cancer was spreadable, mutating, and causing me to be in a lockdown. Yes, I would hope they die for being ignorant and selfish enough to hold the world hostage over a non-existent issue.",1640976581,"yes, i would hope they die for being ignorant and selfish enough to hold the world hostage over a non-existent issue.","ignorant and selfish","ignorant","and",FALSE,"ignorant and selfish","selfish",NA,NA,1
"hqpntt6","I'm probably the main person who calls me stupid. I know that I don't know a lot and that is fine. People who think only others are stupid tend to be the MOST ignorant and stupid of all",1640976405,"people who think only others are stupid tend to be the most ignorant and stupid of all","ignorant and stupid","ignorant","and",FALSE,"most ignorant and stupid","stupid","most",NA,1
"hqpnpbe","So basically the fact that I don't like that you make a generalized statement towards my demographic it means that I'm the person you're referencing? That's an extremely ignorant and honestly illogical thought process. Maybe have you considered the fact that I don't like to be categorized with human garbage? Which Is exactly what your statement does, even if ""you"" don't think it does. When the general consensus among men agree that it does.",1640976354,"that's an extremely ignorant and honestly illogical thought process.","ignorant and honestly","ignorant","and",FALSE,"extremely ignorant and honestly illogical","illogical","extremely","honestly",1
"hqpnp55","Ban willfully ignorant and irresponsible dumbasses",1640976352,"ban willfully ignorant and irresponsible dumbasses","ignorant and irresponsible","ignorant","and",FALSE,"willfully ignorant and irresponsible","irresponsible","willfully",NA,1
"hqplrs7","&gt; Libertarians are socially liberal

No they're not. They're socially ignorant and fiscally conservative. 

They are generally anti-government anything, so if some group is being discriminated against, they'd like to let the free market handle it if it's legal. 

""Yeah go ahead and be gay, but if the market discriminates against you for being gay, that's your problem to fix, not the governments.""",1640975566,"they're socially ignorant and fiscally conservative.","ignorant and fiscally","ignorant","and",FALSE,"socially ignorant and fiscally conservative","conservative","socially","fiscally",1
"hqpl1kg","You‚Äôre ignorant and arrogant and I‚Äôm done. Have a nice life.",1640975263,"you‚Äôre ignorant and arrogant and i‚Äôm done.","ignorant and arrogant","ignorant","and",FALSE,"ignorant and arrogant","arrogant",NA,NA,1
"hqpkp2x","This is always the most hilarious answer to me. Basically admitting your completely ignorant and incapable of giving any informed opinion on a simple topic",1640975123,"basically admitting your completely ignorant and incapable of giving any informed opinion on a simple topic","ignorant and incapable","ignorant","and",FALSE,"completely ignorant and incapable","incapable","completely",NA,1
"hqpjz26","I bet it was a jewelry store like this:

https://www.reddit.com/r/JustBootThings/comments/dkkenm/i_guess_it_was_bct_family_day_at_benning_yesterday/

They prey on ignorant and gullible soldiers. Opening up lines of credit with high interest rates. I remember being pitched some shit about A++ credit from some dude who was prior service. Some NCO that used his rank, probably to intimidate new recruits. So glad I preferred to spend my money in the arcade.",1640974832,"i bet it was a jewelry store like this:  https://www.reddit.com/r/justbootthings/comments/dkkenm/i_guess_it_was_bct_family_day_at_benning_yesterday/  they prey on ignorant and gullible soldiers.","ignorant and gullible","ignorant","and",FALSE,"ignorant and gullible","gullible",NA,NA,1
"hqpjz1k","That's terrible. MIL works with TRANSPLANT PATIENTS! She comes in contact with incredibly vulnerable people every day and has still gone out of her way to expose herself. Bars, restaurants, gyms, vacations, wineries, shopping, even when we were supposed to be in a lockdown. It's heartbreaking how ignorant and inconsiderate people can be.",1640974831,"it's heartbreaking how ignorant and inconsiderate people can be.","ignorant and inconsiderate","ignorant","and",FALSE,"how ignorant and inconsiderate","inconsiderate","how",NA,1
"hqpjgz5","Holy shit this isn‚Äôt a research paper, and it‚Äôs widely covered. Saying ‚ÄúSource?‚Äù  like a pompous dickwad is annoying when you could do the basic work yourself and fucking search the internet instead of choosing to be ignorant and naive. 

BUT here‚Äôs a link [douche](https://www.realclearpolitics.com/video/2021/12/02/inside_australias_howard_springs_covid_internment_camp_you_feel_like_youre_in_prison.html) so you‚Äôll go away. Feel free to dig deeper because that‚Äôs all the work I‚Äôll do for you.",1640974630,"like a pompous dickwad is annoying when you could do the basic work yourself and fucking search the internet instead of choosing to be ignorant and naive.","ignorant and naive","ignorant","and",FALSE,"ignorant and naive","naive",NA,NA,1
"hqpjaut"," No, actually you're TA. You're also ignorant and uneducated. He absolutely could and should lose custody over this issue.",1640974563,"you're also ignorant and uneducated.","ignorant and uneducated","ignorant","and",FALSE,"also ignorant and uneducated","uneducated","also",NA,1
"hqpj83e","I lived there for 3 years but i dont like it. Sorry i dont wanna judge but many people there i met were boring and ignorant and not productive or motivated",1640974532,"sorry i dont wanna judge but many people there i met were boring and ignorant and not productive or motivated","boring and ignorant","ignorant","and",FALSE,"boring and ignorant","boring",NA,NA,0
"hqpj4ik","Doesn't mean you shouldn't buy it though. Just know the process and cost to repair. A high % of buyers are ignorant and scared of structural issues and that gives those who aren't a huge advantage.",1640974491,"a high % of buyers are ignorant and scared of structural issues and that gives those who aren't a huge advantage.","ignorant and scared","ignorant","and",FALSE,"ignorant and scared","scared",NA,NA,1
"hqpimuf","OP is an inexperienced virgin who is acting like he just discovered the internet. His other post is about not wanting to date a woman if they have had a threesome or too many partners because that's icky. He's just ignorant and childish",1640974291,"he's just ignorant and childish","ignorant and childish","ignorant","and",FALSE,"just ignorant and childish","childish","just",NA,1
"hqpie7e","As a westerner, you have no right to judge other people's beliefs. The story of Yakub and how he created the evil white race may sound preposterous to bigots on first glance, but we can assure you that there is countless evidence backing up this hypothesis. Attempting to dismiss someone's beliefs as ""fake"" without doing proper research and study just shows how ignorant and hateful you are. And no, looking through your racist aunt's Facebook page does not count as doing your own research.

*I am a bot, and this action was performed automatically. Please [contact the moderators of this subreddit](/message/compose/?to=/r/AntiHateCommunities) if you have any questions or concerns.*",1640974191,"attempting to dismiss someone's beliefs as ""fake"" without doing proper research and study just shows how ignorant and hateful you are.","ignorant and hateful","ignorant","and",FALSE,"how ignorant and hateful","hateful","how",NA,1
"hqphea8","[1](https://imgur.com/eRdd5Ri.jpg)

[2](https://imgur.com/fkhvIb4.jpg)

[3](https://imgur.com/4chpwQr.jpg)

[4](https://imgur.com/o5dYHM9.jpg)

[5](https://imgur.com/kS0Rz7D.jpg)

[6](https://imgur.com/5iJdsEe.jpg)

It ain't women at large running around objectifying random people on the street, sexually harassing/cat calling, stalking or harming and raping, that's men. You men are the predators by a whopping 99% landslide and perpetuate this WORLD WIDE.

""Assholes on both sides"" but only one does 99% of the sexually grotesque, which this whole post is about.

You have provided nothing while bitching about my several sources, where's *your* sources, sonny? Clearly you have nothing but your uneducated, ignorant and incorrect opinion on a subject you haven't experienced first hand. Typical. :)

But of course... NoT AlL MeN!1!11

This this has nothing to do with you at all, unless of course you feel called out, plenty of your kind screeching in here.

Narcissists.",1640973785,"clearly you have nothing but your uneducated, ignorant and incorrect opinion on a subject you haven't experienced first hand.","ignorant and incorrect","ignorant","and",FALSE,"ignorant and incorrect","incorrect",NA,NA,1
"hqpguoz","Ignorant and arrogant",1640973561,"ignorant and arrogant","ignorant and arrogant","ignorant","and",FALSE,"ignorant and arrogant","arrogant",NA,NA,1
"hqpgtpz","Nice job on the big words.

Fine, let's use double plus ungood, but, since it's easier to say wrong, so I'll stick with that. 

Shall we return to the problem at hand?

OP is in misery and hates the country. Also says that the CIA is what's wrong with Cuba and Venezuela. OP is upset about everything from climate change to nursing homes. I say work towards a solution. You say that I'm misguided, ignorant and simplistic, then go on to accuse me of being a libertarian. 

Yet, I don't hear you or anyone else suggesting any other solutions that may be available to OP. 

You obviously know something I don't. Could you please share, what am I missing?",1640973550,"you say that i'm misguided, ignorant and simplistic, then go on to accuse me of being a libertarian.","ignorant and simplistic","ignorant","and",FALSE,"ignorant and simplistic","simplistic",NA,NA,1
"hqpf7a1","Then this is simple. You are ignorant and narcissistic. Speak to a therapist.",1640972894,"you are ignorant and narcissistic.","ignorant and narcissistic","ignorant","and",FALSE,"ignorant and narcissistic","narcissistic",NA,NA,1
"hqpec0b","No one said it would 100% prevent anything. You are ignorant and conspiratorial.",1640972542,"you are ignorant and conspiratorial.","ignorant and conspiratorial","ignorant","and",FALSE,"ignorant and conspiratorial","conspiratorial",NA,NA,1
"hqpdfwf","I‚Äôve only seen a few episodes ‚Äî and as I noted previously it‚Äôs not a show I like, so I‚Äôm not about to ready my tombstone on this particular hill ‚Äî but I don‚Äôt think a sound argument can be made that EiP is insulting. It‚Äôs certainly leaning on several stereotypes, but I think stereotypes can be fun/funny (not to mention true). The show creators clearly hold Paris in high regard so it‚Äôs tough to argue that these are deliberately negative, inconsiderate or unsympathetic stereotypes.  I‚Äôm from Latin America and nearly every day i hear a joke poking fun at some clich√© aspect of my culture; I find that the lighthearted ones are often funny.  This of course does not absolve every joke ‚Äî some are ignorant and meanspirited, and those can be hurtful to individuals and cause social harm to underrepresented groups. But I‚Äôm not sure anyone can confidently make that case about a Netflix show with an American girl earing baguettes at the jardins des Tuilieries. 

So, to answer your question: yes, I allow myself to be amused when others  take silly things too seriously.",1640972180,"this of course does not absolve every joke ‚Äî some are ignorant and meanspirited, and those can be hurtful to individuals and cause social harm to underrepresented groups.","ignorant and meanspirited","ignorant","and",FALSE,"ignorant and meanspirited","meanspirited",NA,NA,1
"hqpbm46","&gt;What Karl Marx called ‚Äúcapitalism‚Äù was in fact mercantilism

This is just nonsense as since the beginnings of the industrial revolution simple commodity production would be exchanged into generalized commodity production alongside with wage labor becoming the dominant system over that of serfdom or slavery, this is exactly what Marx wrote about in Capital and is exactly what the Capitalist mode of production is. But regardless nice attempt at some historical revisionism. 

&gt;making the absurd moral statement that business owners are evil, greedy thieves who steal the productivity from their employees.

Not once does Marx ever make a ""moral statement"" that the Bourgeoisie is evil, in fact this is the kind of idealist nonsense that you would hear from Utopian Socialists. Instead Marx argues that just as the Bourgeoisie were historically compelled to rise up against Feudalism and the nobility, so too will the Proletariat against the Bourgeoisie. This is simply historical materialism. 

&gt;The economic calculation problem, which is a complex subject that I will not cover here.

Because you don't understand it yourself and use it as a buzzword. 

&gt;When everyone is paid the same 

Read something for once in your life: 

&gt;Within the co-operative society based on common ownership of the means of production, the producers do not exchange their products; just as little does the labor employed on the products appear here as the¬†value¬†of these products, as a material quality possessed by them, since now, in contrast to capitalist society, individual labor no longer exists in an indirect fashion but directly as a component part of total labor. The phrase ""proceeds of labor"", objectionable also today on account of its ambiguity, thus loses all meaning.

&gt;What we have to deal with here is a communist society, not as it has¬†developed¬†on its own foundations, but, on the contrary, just as it¬†emerges¬†from capitalist society; which is thus in every respect, economically, morally, and intellectually, still stamped with the birthmarks of the old society from whose womb it emerges. Accordingly, the individual producer receives back from society ‚Äì after the deductions have been made ‚Äì exactly what he gives to it. What he has given to it is his individual quantum of labor. For example, the social working day consists of the sum of the individual hours of work; the individual labor time of the individual producer is the part of the social working day contributed by him, his share in it. He receives a certificate from society that he has furnished such-and-such an amount of labor (after deducting his labor for the common funds); and with this certificate, he draws from the social stock of means of consumption as much as the same amount of labor cost. The same amount of labor which he has given to society in one form, he receives back in another.

&gt;Here, obviously, the same principle prevails as that which regulates the exchange of commodities, as far as this is exchange of equal values. Content and form are changed, because under the altered circumstances no one can give anything except his labor, and because, on the other hand, nothing can pass to the ownership of individuals, except individual means of consumption. But as far as the distribution of the latter among the individual producers is concerned, the same principle prevails as in the exchange of commodity equivalents: a given amount of labor in one form is exchanged for an equal amount of labor in another form.
Hence,¬†equal right¬†here is still in principle ‚Äì¬†bourgeois right, although principle and practice are no longer at loggerheads, while the exchange of equivalents in commodity exchange exists only on the average and not in the individual case.
In spite of this advance, this equal right is still constantly stigmatized by a bourgeois limitation. The right of the producers is¬†proportional¬†to the labor they supply; the equality consists in the fact that measurement is made with an¬†equal standard, labor.

&gt;But one man is superior to another physically, or mentally, and supplies more labor in the same time, or can labor for a longer time; and labor, to serve as a measure, must be defined by its duration or intensity, otherwise it ceases to be a standard of measurement. This¬†equal¬†right is an unequal right for unequal labor. It recognizes no class differences, because everyone is only a worker like everyone else; but it tacitly recognizes unequal individual endowment, and thus productive capacity, as a natural privilege. It is, therefore, a right of inequality, in its content, like every right. Right, by its very nature, can consist only in the application of an equal standard; but unequal individuals (and they would¬†not be different individuals if they were not unequal) are measurable only by an equal standard insofar as they are brought under an equal point of view, are taken from one definite side only ‚Äì for instance, in the present case, are regarded¬†only as workers¬†and nothing more is seen in them, everything else being ignored. Further, one worker is married, another is not; one has more children than another, and so on and so forth. Thus, with an equal performance of labor, and hence an equal in the social consumption fund, one will in fact receive more than another, one will be richer than another, and so on. To avoid all these defects, right, instead of being equal, would have to be unequal.

&gt;But these defects are inevitable in the first phase of communist society as it is when it has just emerged after prolonged birth pangs from capitalist society. Right can never be higher than the economic structure of society and its cultural development conditioned thereby.

So I'd love to know where you got this notion that Marx advocated for people being ""paid the same"" when this is exactly what he's criticizing the Social Democratic party in Germany for in regards to the ""undiminished proceeds of labor""(nevermind the fact that Marx specifically wrote that commodity production and the Law of Value wouldn't exist under the Socialist mode of production so how would worker's be ""paid the same"" anyways if wage labor is nonexistent). 

&gt;There are no two ways about it, Communism is an evil doctrine.

Was it evil for the Bourgeoisie to have their own revolutions against the nobility and absolute monarchs in Europe? 

&gt;Finally, we get to the real issue here, which is that communist propagandists and politicians know that communism and socialism are incapable of working. Their end game is not communism or socialism, but feudalism. Communism and socialism are simply excellent propaganda tools for achieving it because people, in general, are very stupid and ignorant and economics is complicated and people just can‚Äôt be bothered to learn it. So politicians dangle the promise of ‚Äúfree stuff‚Äù in front of the populace and wait for the votes to roll in. However, in order to achieve full feudalism, they need a way to keep people under control when their idiotic policies blatantly fail. How do they do that? Well, all they need is a base of fanatical supporters who are insane sociopaths that are perfectly comfortable inflicting violence on anyone who disagrees with them, and who will never admit the failures of their ideology and its policies no matter how blatantly obvious they are. And that, incidentally, is why all modern western nations are infested with ‚Äòsocial justice nonsense. By raising children to be obedient sociopaths who riot on command and who go around loudly proclaiming that 2 + 2 = 5, modern leftist politicians now have both a steady supply of votes and an army of thugs to terrorize their political opponents. It‚Äôs an age-old strategy that could have been lifted verbatim out of Mussolini‚Äôs playbook. So yes, that wasn‚Äôt real communism. Or maybe it was real communism and its ‚Äòfailures‚Äô were just capitalist propaganda. Or maybe the person you‚Äôre talking to is just a brainwashed sociopath trying to gaslight you and all those communist countries really were genuine abominations which is why they collapsed and why people flee them in droves.

Please just touch grass.",1640971450,"communism and socialism are simply excellent propaganda tools for achieving it because people, in general, are very stupid and ignorant and economics is complicated and people just can‚Äôt be bothered to learn it.","stupid and ignorant","ignorant","and",FALSE,"very stupid and ignorant","stupid",NA,"very",0
"hqpayc2","Thats the fucking point, they were too ignorant and prideful to flee the city.",1640971187,"thats the fucking point, they were too ignorant and prideful to flee the city.","ignorant and prideful","ignorant","and",FALSE,"too ignorant and prideful","prideful","too",NA,1
"hqpajeq","I can eat a vegan meal without being 100% vegan. I can eat a lactose free meal without being lactose free. I do not claim to be vegan, I claimed to DEFAULT to vegan meals due to the fact that my culture‚Äôs diet consists of an abundance of vegan recipes. Hiding your racial ignorance behind a mask of vegan savior doesn‚Äôt change the fact that you are ignorant and uneducated in regards to the global population, many of whom rely on animal products to survive.",1640971024,"hiding your racial ignorance behind a mask of vegan savior doesn‚Äôt change the fact that you are ignorant and uneducated in regards to the global population, many of whom rely on animal products to survive.","ignorant and uneducated","ignorant","and",FALSE,"ignorant and uneducated","uneducated",NA,NA,1
"hqpa071","Yeah, it amazes me when people are *this* stupid, do something so arrogant, ignorant and SELFISH and the have the bloody GALL to ask if they're an AH??!!

OP, if you still have a marriage after this, I will be very surprised and a little disappointed because you deserve to have a divorce, a police report for theft and a court case for you to pay back the maximum (sadly only 5k) amount of money you STOLE from your husband.",1640970807,"yeah, it amazes me when people are *this* stupid, do something so arrogant, ignorant and selfish and the have the bloody gall to ask if they're an ah??!!","ignorant and selfish","ignorant","and",FALSE,"ignorant and selfish","selfish",NA,NA,1
"hqp9gtt","&gt;Christians also say, ‚Äúall people are made in the image of god.‚Äù What does this mean? Some people lack any moral sense at all, and act purely out of their own self-interest, how are they made in the image of God? 

Adam was made in the image of God and was subsequently corrupted by sin. We are born into this world in the likeness of Adam therefore we are fallen like him. Since a divided house cannot stand, it is inevitable that we will lose our life. That's why Jesus said whosoever tries to save their life will lose it. If we don't try to save our life, but instead lay it down like Jesus did, we can pick it up again by the same Spirit that resurrected Jesus Christ. Once that happens, death has no more sting. We can no longer be corrupted. The seed of God is in us and keeps us as His own. Anyone who receives His Spirit receives the Spirit of Wisdom and Understanding, the Spirit of Counsel and Might, the Spirit of Knowledge and of the fear of the Lord. 

Given all this, we don't hate the sinner who is ignorant and fallen. Jesus died so that these might have an opportunity to obtain salvation from their corrupted state - a state that each of us once experienced.",1640970591,"given all this, we don't hate the sinner who is ignorant and fallen.","ignorant and fallen","ignorant","and",FALSE,"ignorant and fallen","fallen",NA,NA,1
"hqp96wt","Then maybe you should learn how to read before commenting Dumbazz! What you said was completely ignorant and redundant.",1640970477,"what you said was completely ignorant and redundant.","ignorant and redundant","ignorant","and",FALSE,"completely ignorant and redundant","redundant","completely",NA,1
"hqp8ypm","No, this is not where 'WE' are at.  There will always be ignorant and uninformed individuals in any group.  They do not speak for all of us and we do not have to behave as if the entire group is a problem.  The fact that you just randomly assign your political views to address your bias is the symptom of the real problem here.

Sooner or later, people in this country are going to have to take a stand against the endless virtue signaling and pearl clutching. Most Canadians are decent people that go out of their way to be gracious and welcoming to all races and demographic groups.  Trying to stir up divisions through a false narrative is not helpful.",1640970384,"there will always be ignorant and uninformed individuals in any group.","ignorant and uninformed","ignorant","and",FALSE,"ignorant and uninformed","uninformed",NA,NA,1
"hqp8pvt","Saying that someone's MD is wrong based on Reddit posts is incredibly ignorant and dangerous",1640970282,"saying that someone's md is wrong based on reddit posts is incredibly ignorant and dangerous","ignorant and dangerous","ignorant","and",FALSE,"incredibly ignorant and dangerous","dangerous","incredibly",NA,1
"hqp8jv3","-Being ignorant and uncomfortable with discussing about sex. I have found that a lot of therapists don't know much about sex and hypersexuality. I have met more people on Reddit with common sense about the topic.

-Stereotyping trauma survivors. We aren't all the same. I don't care if you have read a bunch of studies, books and have years of experience working with victims of trauma. I still may not be exactly like the other victims that you know. 

-Being unable to admit that you're wrong, especially when it comes to misreading a client and their situation. Therapists who brag about how they're such a good judge of character and are never wrong tend to be off-base, in my experience.",1640970214,"-being ignorant and uncomfortable with discussing about sex.","ignorant and uncomfortable","ignorant","and",FALSE,"ignorant and uncomfortable","uncomfortable",NA,NA,1
"hqp8h33","&gt; that's the whole point of being anti-natalist?

Oh, honey no- The whole point is not wanting people to suffer. Hatred does not come into it. What a sad perspective.

We don't hate natalists; we feel sorry for them because they have been brainwashed, are slaves to animalistic instincts, and don't know any better. Is what they're doing wrong? Obviously. Does that make them bad people? Obviously not. 

&gt;You act like trans men can't get pregnant or have abortions too, you moron. Criticizing a natalist who happens to be a woman doesn't make me a misogynist. Ever heard the term ""birthing people""? For a trans person you sound pretty trans-phobic.

Oh, piss off- I'm a transman; I'm fully aware of that, but given the context of female reproductivity and the subject being a woman, I went with misogynist. Hateful, intolerant, and ignorant of female reproductive rights, especially when combined with social status as a woman, describes you just as well so let's go with that instead. 

Also, the reason that transmen also struggle with getting abortions etc. is because when it comes to healthcare related to our sexes, people will more often than not see us and therefore treat us as women. Just because we're not, doesn't mean that we aren't subject to misogynistic attitudes just the same as women. Everyone has to recognise us as men for us to be exempt from being subject to misogyny and unfortunately, many people don't, especially in the context of female reproductive health. 

&gt;Do you really think the woman is that immature 

People in coercive/ abusive relationships are immature, TIL. I'm not saying it was the case here, but with the information we have it's just as possible as your conclusion. 

&gt;you're just trying to give her the benefit of the doubt, most people out there are natalists, the chances of her being forced into late pregnancy are way too slim to even suggest. She most likely intended to have kids.

1) Yes, of course I'm trying to give her the benefit of the doubt. Innocent until proven guilty, no? Must be hard to always see the worst in everyone and always be so cynical

2) You are highly ignorant of the way that social pressures affect our actions. If the entire world is expecting you to have a baby including your friends and family, I can't blame you for caving to that sort of pressure, even though it's the wrong thing to do. People are not perfect and many people haven't had the privilege of learning about antinatalism the way that we have. Many people are indoctrinated from a young age to be religious; it's not easy to undo all of that and abstain from having kids, especially not if you don't understand why it's a bad thing to have them. 

&gt;Its a matter of life and death, hence why i used the word killing coz I didn't know what better words to use to describe the situation at that moment, like what the actual fuck is wrong with you? You're dragging things way out of context

Um, letting someone die, like I've told you about three times now. 

&gt;Dude, the internet is clearly not for you, jfc https://www.dictionary.com/e/pop-culture/grammar-nazi/

I know what it means and I think it's tasteless phrase and there's a reason why only children use it now; Like natalists, they don't know any better. By your logic I have a right to hate you for using it, no?

I'm very glad you're an antinatalist; nobody should be perpetuating such a hateful, intolerant, and miserable mindset. I'm done with this conversation. You're ignorant and full of spite, but I really hope you learn to be more optimistic, happy, and accepting of others. Good luck to you",1640970183,"hateful, intolerant, and ignorant of female reproductive rights, especially when combined with social status as a woman, describes you just as well so let's go with that instead.","intolerant, and ignorant","ignorant","and",TRUE,"intolerant , and ignorant","intolerant",NA,NA,0
"hqp85xo","You sound like a sad angry pathetic troll. I will no longer be engaging your ignorant and selfish ass. Have fun being a hateful monster. I will spend my time actually caring about other people. Peace.",1640970057,"i will no longer be engaging your ignorant and selfish ass.","ignorant and selfish","ignorant","and",FALSE,"ignorant and selfish","selfish",NA,NA,1
"hqp7p0r","you know its with in rights to share content here ? or you are so freaking ignorant and arrogant tard that you cant understand this shit that its internet people share shit and if you dont like some shit you just move on",1640969864,"or you are so freaking ignorant and arrogant tard that you cant understand this shit that its internet people share shit and if you dont like some shit you just move on","ignorant and arrogant","ignorant","and",FALSE,"ignorant and arrogant","arrogant",NA,NA,1
"hqp6dbl","being not attracted to a trans person isn't transphobic, it is however when the only reason you arent attracted to them is because they are trans, let me explain. the term ""transgender"" includes a lot of different kinds of people. some have genitals you are attracted to, some don't, some have secondary sex characteristics you are attracted to, some don't, some have body types you are attracted to, some don't. the only thing binding all trans people is their self identifying as trans, nothing more. not being attracted to all trans people is ignorant and generalizing.",1640969324,"being not attracted to a trans person isn't transphobic, it is however when the only reason you arent attracted to them is because they are trans, let me explain. the term ""transgender"" includes a lot of different kinds of people. some have genitals you are attracted to, some don't, some have secondary sex characteristics you are attracted to, some don't, some have body types you are attracted to, some don't. the only thing binding all trans people is their self identifying as trans, nothing more. not being attracted to all trans people is ignorant and generalizing.","ignorant and generalizing","ignorant","and",FALSE,"ignorant and generalizing","generalizing",NA,NA,1
"hqp60aq","The thing is you DON'T have evidence. A not clear verse, which I've already disproven doesn't say trans people are bad, is not evidence. You have refused to supply me with actual evidence, just a single verse of a fake ass version of the bible. You have refused to even GLANCE at the evidence I have provided you, which just means you are ignorant and stupid and that your point and your hate is invalid.

Send me a bunch of links. Let me see your evidence and maybe I'll listen. But I know you won't. Because those links don't exist. Go touch grass and stop hating minorities for something they cannot control. Please and thank you.",1640969177,"you have refused to even glance at the evidence i have provided you, which just means you are ignorant and stupid and that your point and your hate is invalid.","ignorant and stupid","ignorant","and",FALSE,"ignorant and stupid","stupid",NA,NA,1
"hqp57o7","It's simulated, you know... fantasy? Role playing?? You prudes are so ignorant and uptight smh",1640968857,"you prudes are so ignorant and uptight smh","ignorant and uptight","ignorant","and",FALSE,"so ignorant and uptight","uptight","so",NA,1
"hqp4pas","He fought a ‚Äúvaliant‚Äù fight? Nope. He frightened himself about the efforts of medical researchers who have only tried to protect him, reasoning that because he was ignorant and selfish, doctors and researchers must be ignorant and selfish themselves. They are not. Dying by drowning in your own fluids prone on a hospital bed with 6 iv‚Äôs and tubes into your lungs and out of your anus is no one‚Äôs idea of valiant. He threw away the great gift God gave him-his own life. I wouldn‚Äôt count on a round of applause when he gets where he‚Äôs going.",1640968651,"he frightened himself about the efforts of medical researchers who have only tried to protect him, reasoning that because he was ignorant and selfish, doctors and researchers must be ignorant and selfish themselves.","ignorant and selfish","ignorant","and",FALSE,"ignorant and selfish","selfish",NA,NA,1
"hqp3cdt","People in who ride bikes in roads with no designated bike lane. I know it‚Äôs legal in some places it just seems incredibly ignorant and dangerous.",1640968091,"i know it‚Äôs legal in some places it just seems incredibly ignorant and dangerous.","ignorant and dangerous","ignorant","and",FALSE,"incredibly ignorant and dangerous","dangerous","incredibly",NA,1
"hqp31nz","please tell me how i‚Äôm ‚Äúdelusional‚Äù by telling this man to LET HER KNOW that she‚Äôs sleeping next to a violent abuser. again, unless you‚Äôve been through this firsthand or have done any research into abusive relationships, you‚Äôre speaking from an ignorant and uneducated opinion. continuing to name call doesn‚Äôt get your point across boo.",1640967967,"please tell me how i‚Äôm ‚Äúdelusional‚Äù by telling this man to let her know that she‚Äôs sleeping next to a violent abuser. again, unless you‚Äôve been through this firsthand or have done any research into abusive relationships, you‚Äôre speaking from an ignorant and uneducated opinion. continuing to name call doesn‚Äôt get your point across boo.","ignorant and uneducated","ignorant","and",FALSE,"ignorant and uneducated","uneducated",NA,NA,1
"hqp2gez","Imagine being this wrong and ignorant and still think you‚Äôre somehow right LMFAO",1640967718,"imagine being this wrong and ignorant and still think you‚Äôre somehow right lmfao","wrong and ignorant","ignorant","and",FALSE,"wrong and ignorant","wrong",NA,NA,0
"hqp2ez9","The ignorant and uneducated takes in this thread are something else. Good lord already. 
Face it, the Vikings were not winning this game no matter who was in the lineup. So it doesn‚Äôt matter.",1640967702,"the ignorant and uneducated takes in this thread are something else.","ignorant and uneducated","ignorant","and",FALSE,"ignorant and uneducated","uneducated",NA,NA,1
"hqp1j90","Many of us are so disgusted by the economic mismanagement foisted on all of us by ignorant and corrupt government.  It is like having cancer and choosing chemo or just a pain killer.  Many of us are sick of never choosing chemo.  Our children will inherit a dead, corrupt, ineffective system that may well turn quasi-communist.

We say No!  Let the children inherit a strong nation!  Bring on the medicine!!",1640967338,"many of us are so disgusted by the economic mismanagement foisted on all of us by ignorant and corrupt government.","ignorant and corrupt","ignorant","and",FALSE,"ignorant and corrupt","corrupt",NA,NA,1
"hqp0fed","Stop swearing at me and calling me insulting names.

You used a term that shouldn‚Äôt be used in general. Also, you can be disabled and perpetuate ableism, which is what you‚Äôre doing when you defend an ableist antivaxxer as simply stigmatizing vaccines out of love for her son.

You seem very ignorant and childish. We will not be having any further discussion. I advise you to stop speaking on matters you do not understand and defending antivaxxers.",1640966870,"you seem very ignorant and childish.","ignorant and childish","ignorant","and",FALSE,"very ignorant and childish","childish","very",NA,1
"hqoyxgq","&gt;totalslutalt: What they said was racist. Not violently so, but acting like race and racial slurs aren't issues because the legalized slave trade doesn't exist in America (slavery definitely still does) is wildly ignorant and reductive.
  
Expressing the opinion that POC today are not as oppressed  a people who were literally _enslaved_ isn't very racist in my opinion - a bit insensitive sure, but not racist. We all are of course entitled to our own opinions.
  
Personally, I reserve terms like racist for the Travis McMichaels of the world, the corrupt cops and judges who are biased and cause so much harm and to a far lesser degree the people who curate the signs at the Smithsonian that perpetuate harmful racial stereotypes.",1640966235,"not violently so, but acting like race and racial slurs aren't issues because the legalized slave trade doesn't exist in america (slavery definitely still does) is wildly ignorant and reductive.","ignorant and reductive","ignorant","and",FALSE,"wildly ignorant and reductive","reductive","wildly",NA,1
"hqoxo0b","As a westerner, you have no right to judge other people's beliefs. The story of Yakub and how he created the evil white race may sound preposterous to bigots on first glance, but we can assure you that there is countless evidence backing up this hypothesis. Attempting to dismiss someone's beliefs as ""fake"" without doing proper research and study just shows how ignorant and hateful you are. And no, looking through your racist aunt's Facebook page does not count as doing your own research.

*I am a bot, and this action was performed automatically. Please [contact the moderators of this subreddit](/message/compose/?to=/r/AntiHateCommunities) if you have any questions or concerns.*",1640965696,"attempting to dismiss someone's beliefs as ""fake"" without doing proper research and study just shows how ignorant and hateful you are.","ignorant and hateful","ignorant","and",FALSE,"how ignorant and hateful","hateful","how",NA,1
"hqoxleg","What they said was racist. Not violently so, but acting like race and racial slurs aren't issues because the legalized slave trade doesn't exist in America (slavery definitely still does) is wildly ignorant and reductive.",1640965665,"not violently so, but acting like race and racial slurs aren't issues because the legalized slave trade doesn't exist in america (slavery definitely still does) is wildly ignorant and reductive.","ignorant and reductive","ignorant","and",FALSE,"wildly ignorant and reductive","reductive","wildly",NA,1
"hqoxf1n","You're lazy, ignorant and entitled(these are facts based on definitions and not insults). It's not my job to post, just like it isn't your job to repost.. period. And I don't post anything to any site because I don't want or need attention/validation for anything on the web.",1640965591,"you're lazy, ignorant and entitled(these are facts based on definitions and not insults).","ignorant and entitled","ignorant","and",FALSE,"ignorant and entitled","entitled",NA,NA,1
"hqoxeoq","This is profoundly stupid. Just wilfully ignorant and flat out wrong. Sigh.",1640965587,"just wilfully ignorant and flat out wrong.","ignorant and flat","ignorant","and",FALSE,"wilfully ignorant and flat","flat","wilfully",NA,1
"hqov1th","Agreed. That kind of generalization is ignorant and disrespectful.",1640964555,"that kind of generalization is ignorant and disrespectful.","ignorant and disrespectful","ignorant","and",FALSE,"ignorant and disrespectful","disrespectful",NA,NA,1
"hqouwx9","or just trolling like trisha, i do think intention is important as well as context, and there is a big difference to being ignorant and uneducated on the topic to blatantly trolling to gain attention because you know people will talk about you.",1640964493,"or just trolling like trisha, i do think intention is important as well as context, and there is a big difference to being ignorant and uneducated on the topic to blatantly trolling to gain attention because you know people will talk about you.","ignorant and uneducated","ignorant","and",FALSE,"ignorant and uneducated","uneducated",NA,NA,1
"hqout98","USA. I'm Communist on ground level, democratic-socialist government level. Kind of a hippie. And USMC veteran. 

Our military still needs to be good.

Throughout history we can see a pattern. 

Strong nation gets uppity. 

Weak nation gets genocided by strong nation. 

I dont think for one second our military needs to have more bases around the world than there are countries. Our military shouldn't be doing what it's doing in other countries. Its imperialism and it's disgusting. 

But

If we are to let our military fall behind Russia or China it's fair to say we will be invaded genocided or become Russian/Chinese citizens. 

Saying otherwise is in my opinion is ignorant and detrimental to our survival.",1640964448,"saying otherwise is in my opinion is ignorant and detrimental to our survival.","ignorant and detrimental","ignorant","and",FALSE,"ignorant and detrimental","detrimental",NA,NA,1
"hqoueba","Ben Simmons is in a toxic work environment with a boss and teammates who publicly belittle him and have undermined his confidence.  If you don‚Äôt want to believe he‚Äôs mentally hurting because you assume he‚Äôs faking it then that‚Äôs your opinion and speculation alone.  For all we know, he could‚Äôve been too ashamed or embarrassed to mention his issues at first and maybe his back was actually hurt too. You can‚Äôt definitely say he‚Äôs faking it or not. 

Finally just because demar derozan or kevin love can play with mental health issues doesn‚Äôt mean that every player can. Depression or anxiety can obviously impact people differently so it‚Äôs really just ignorant and stupid for you to say ben should just go out there and play when he‚Äôs already said that he doesn‚Äôt feel like he can at the moment.",1640964261,"depression or anxiety can obviously impact people differently so it‚Äôs really just ignorant and stupid for you to say ben should just go out there and play when he‚Äôs already said that he doesn‚Äôt feel like he can at the moment.","ignorant and stupid","ignorant","and",FALSE,"just ignorant and stupid","stupid","just",NA,1
"hqos7je","""'WHY I'M BULLISH ABOUT CRYPTO THIS IS GOOD FOR BITCOIN CASH IS WORSE'

And there we go with the strawman and the ad hominem, making me out to be some cultist influencer when nothing I said resembled anything of the sort. It's almost like you already have your own idea of who you want me to be, and you're twisting the situation to support it.

The person above stated that cryptocurrencies drew their value from being untraceable and unregulated, so I provided a short list of things that actually give them value. None of that has anything to do with being a shill. I also never stated that they weren't used for crime, but that crime was not their primary use anymore. Which is absolutely correct. So what, is it less about people being willfully ignorant and more to do with them not being able to fucking read? My apologies for giving you too much credit.

And for the record, every accusation you made goes equally for fiat. We just ignore that part because we're so used to it.",1640963274,"so what, is it less about people being willfully ignorant and more to do with them not being able to fucking read?","ignorant and more","ignorant","and",FALSE,"willfully ignorant and more","more","willfully",NA,1
"hqorb26","Yeah of course he wouldn‚Äôt be mean-spirited towards Kazakh people, just towards those darn ignorant and backwards Americans!

It is amazing to me that people who are so worried about people being mean or making fun of other countries for being backwards have no problem making fun of lower class, poor rural people in America.",1640962855,"yeah of course he wouldn‚Äôt be mean-spirited towards kazakh people, just towards those darn ignorant and backwards americans!","ignorant and backwards","ignorant","and",FALSE,"ignorant and backwards","backwards",NA,NA,1
"hqor6fo","What an ignorant and naive old man. We need to change the culture that age and experience means wisdom. While it has been true for thousands of years, it comes from experience based knowledge during a time when little changed from generation to generation. With the explosion of technology over the last century, the elders of our communities have chosen not to keep up.  In my personal experience, I get the saying of ‚ÄúCan‚Äôt teach an old dog new tricks‚Äù. I believe this is just an excuse of stubbornness and not to be true reality.  A true strength is admitting your wrong, or admitting your not knowledgeable on a topic and instead of condemning out of ignorance, learning and adapting and creating a viewpoint based on knowledge and understanding.",1640962794,"what an ignorant and naive old man.","ignorant and naive","ignorant","and",FALSE,"ignorant and naive","naive",NA,NA,1
